arm,seed,tile,fam,src,block,mae,rmse,raw_r,resid_r,raw_pos,n_valid
D90,0,colorado_north,hilly,geo_test,,260.63313491245094,326.5706770835332,0.0017599154552520803,-0.03567261858013653,1,518400
D90,0,colorado_original,hilly,geo_test,,219.54834283967705,271.06034300065386,0.008098139912559772,0.018953246699674832,1,518400
D90,0,colorado_west,hilly,geo_test,,253.61245445049684,308.8334213220654,0.03554779064986585,0.027600008843876006,1,518400
D90,0,forested/forested_04,forested,trainset,"(-181, 111)",76.45218349108009,93.42226076066488,0.003188771116953925,0.004929563303107322,1,518400
D90,0,forested/forested_07,forested,trainset,"(-179, 109)",63.407090465743245,80.76315646468439,0.0020158777594618395,0.034701998345076,1,518400
D90,0,forested/forested_12,forested,trainset,"(-178, 110)",166.87994492102132,201.6879297467216,0.027292799656763345,-0.01642083034922594,1,518400
D90,0,forested_olympic,forested,heldout,,340.3267269010885,418.6944954697541,0.0016372000073814651,-0.013867874999374502,1,3145728
D90,0,forested_westernghats,forested,heldout,,41.39026866521428,61.25381066112765,0.02132052309975287,-0.06774813836387818,1,2359296
D90,0,hilly/hilly_07,hilly,trainset,"(-266, 98)",222.584425014927,277.61638860398284,0.0037194714958165118,0.04938773417733695,1,518400
D90,0,hilly/hilly_12,hilly,trainset,"(-265, 99)",255.50272812638792,299.9503094690862,0.03796673882207007,0.011715099495695318,1,518400
D90,0,hilly/hilly_15,hilly,trainset,"(185, 37)",117.61989453344512,153.2686105920068,0.02035061278991141,0.009381649761531516,1,518400
D90,0,hilly/hilly_16,hilly,trainset,"(185, 37)",105.41386490378807,153.89138924808236,0.037488081983182896,0.07067572667486151,1,518400
D90,0,hilly_alps,hilly,heldout,,399.3644438102043,481.2812872490234,0.03156814545386363,-0.02489290007094596,1,518400
D90,0,hilly_colorado,hilly,heldout,,218.3489405827319,269.24015187399516,0.004810745973601969,0.01901058030535696,1,518400
D90,0,hilly_uttarakhand,hilly,heldout,,367.2130921937854,430.36564931452847,0.008585103205561192,-0.019799219726106605,1,518400
D90,0,sparse/sparse_03,sparse,trainset,"(-279, 89)",44.57292905504651,53.12649135821892,0.032825795056756854,0.05688527534577049,1,518400
D90,0,sparse/sparse_05,sparse,trainset,"(-278, 90)",68.54288456059496,84.48055088272896,0.0355990432033375,0.007226609632961353,1,518400
D90,0,sparse/sparse_06,sparse,trainset,"(-278, 90)",57.0996375665664,70.04518146938457,0.06091996959555579,0.027957515549873975,1,518400
D90,0,sparse/sparse_15,sparse,trainset,"(-292, 92)",159.37968995890856,200.0120350978416,-0.00013724569812621908,-0.06193480508518063,0,2752512
D90,0,sparse_mojave,sparse,heldout,,186.72995321523874,215.52640998013086,0.025901908053851723,-0.08528759464825464,1,1966080
D90,0,sparse_thar,sparse,heldout,,22.432112965115284,28.88915970355784,0.006758455459487716,0.021203652814130308,1,1966080
D90,0,forested/forested_00,forested,trainset,"(-182, 109)",93.61070962200034,117.72079331937901,0.04366124107851946,0.003095552167877585,1,518400
D90,0,forested/forested_02,forested,trainset,"(-181, 110)",82.24072809269174,106.07314387183699,0.028009817649761196,0.01711064524545274,1,518400
D90,0,forested/forested_10,forested,trainset,"(-178, 109)",92.50962881623111,126.87611688383521,0.002175212323447541,0.039359723039393654,1,518400
D90,0,forested/forested_15,forested,trainset,"(-209, 90)",33.26104448584235,41.6880069341117,0.009844380088054785,0.032224288558558,1,518400
D90,0,forested/forested_17,forested,trainset,"(-207, 88)",164.84462573121232,205.4783271001466,0.010679228712194226,-0.020960532478695622,1,518400
D90,0,hilly/hilly_01,hilly,trainset,"(-268, 99)",235.47954207771318,294.96231707742294,0.007193969323386591,-0.09922963987903656,1,518400
D90,0,hilly/hilly_04,hilly,trainset,"(-267, 100)",300.85870833613643,335.8607943193647,0.016749180326794344,-0.09002090005389812,1,518400
D90,0,hilly/hilly_06,hilly,trainset,"(-267, 100)",166.14345667225405,199.32163182586444,0.04385848476154959,-0.019507600665507642,1,518400
D90,0,hilly/hilly_09,hilly,trainset,"(-266, 101)",27.485047113023057,41.154459064088314,0.038790497206943796,0.014949240756945559,1,518400
D90,0,hilly/hilly_17,hilly,trainset,"(186, 37)",90.15161512504234,124.94415100592597,0.019043870798385407,0.03845983526426855,1,518400
D90,0,sparse/sparse_08,sparse,trainset,"(-277, 90)",84.57079254913445,104.97506714423209,0.03252275161981566,-0.00435100310718028,1,2293760
D90,0,sparse/sparse_09,sparse,trainset,"(-277, 90)",46.36740888383421,60.56212539297852,0.0245629601254886,-0.025504732000068947,1,2359296
D90,0,sparse/sparse_11,sparse,trainset,"(-276, 91)",83.5603526797284,106.4540342899038,0.02202925445613384,-0.04050390278932215,1,2752512
D90,0,sparse/sparse_16,sparse,trainset,"(-291, 92)",167.89753170918974,206.3280746931047,0.010792390044016833,-0.04353609364581193,1,2752512
D90,0,sparse/sparse_17,sparse,trainset,"(-266, 81)",10.297482209345038,19.6286784477498,0.006670040891743562,-0.012966919638344501,1,2293760
D90,0,forested/forested_03,forested,trainset,"(-181, 109)",31.76806993216014,44.23206365834463,0.8907007575008165,-0.04831208264766161,1,518400
D90,0,forested/forested_05,forested,trainset,"(-180, 110)",31.167852435831175,42.6875809579185,0.9007998508677871,-0.03067657883314381,1,518400
D90,0,forested/forested_08,forested,trainset,"(-179, 111)",29.791680187602136,46.35983148458171,0.8711979423562471,0.02657294762285508,1,518400
D90,0,forested/forested_13,forested,trainset,"(-177, 109)",18.163383746981815,27.426761115974397,0.8911311364209665,-0.09530889812704837,1,518400
D90,0,hilly/hilly_00,hilly,trainset,"(-268, 98)",108.56170973005186,152.4189780181141,0.9069830683217911,-0.05455683646784318,1,518400
D90,0,hilly/hilly_03,hilly,trainset,"(-267, 99)",87.92007281846666,117.41155724376458,0.9228373412872504,-0.10570578481193436,1,518400
D90,0,hilly/hilly_05,hilly,trainset,"(-267, 99)",94.36856778456524,125.55215771972155,0.948343666829868,-0.10757984800384356,1,518400
D90,0,hilly/hilly_11,hilly,trainset,"(-266, 100)",56.028835682477066,84.50827686159953,0.9342399387560307,-0.07088736000279452,1,518400
D90,0,sparse/sparse_01,sparse,trainset,"(-280, 90)",78.17958266122872,110.9995394242306,0.9163941090246661,-0.029251960921162654,1,518400
D90,0,sparse/sparse_04,sparse,trainset,"(-279, 91)",17.983031809804118,24.32294127339456,0.955626656868483,0.0497748222236187,1,518400
D90,0,sparse/sparse_07,sparse,trainset,"(-277, 89)",20.830773963963708,29.507430835077294,0.90094903538343,0.021542834492443905,1,518400
D90,0,sparse/sparse_12,sparse,trainset,"(-276, 90)",28.860635774686617,37.86375223869199,0.9195795275848578,-0.023496595848268555,1,2293760
D90,0,forested/forested_01,forested,trainset,"(-182, 111)",32.32787011135854,41.317402798950965,0.965875515367469,-0.18243187701176236,1,518400
D90,0,forested/forested_06,forested,trainset,"(-180, 109)",39.414417807718515,50.167602352977866,0.9619006956951511,-0.19524548675932274,1,518400
D90,0,forested/forested_09,forested,trainset,"(-179, 110)",45.662007373059915,60.40845343746652,0.9597933874789315,-0.22393684760166782,1,518400
D90,0,forested/forested_11,forested,trainset,"(-178, 111)",22.075959501941064,28.996191499450077,0.957865523352411,-0.22413873070443843,1,518400
D90,0,forested/forested_14,forested,trainset,"(-209, 88)",52.33900516014683,67.13682052386812,0.9783769029208251,-0.08469872103773066,1,518400
D90,0,forested/forested_16,forested,trainset,"(-208, 89)",60.22047655723826,73.70299659375675,0.9792090141925133,-0.1405543455671036,1,518400
D90,0,hilly/hilly_02,hilly,trainset,"(-268, 101)",36.25430765684205,48.362585390358696,0.9634005766896455,-0.11347662030838714,1,518400
D90,0,hilly/hilly_08,hilly,trainset,"(-266, 99)",34.48603047869449,43.085171463361846,0.9733291771582442,-0.07479642619196124,1,518400
D90,0,hilly/hilly_10,hilly,trainset,"(-266, 99)",61.23138689054486,77.86496152100757,0.9730628532714749,-0.07750452916083574,1,518400
D90,0,hilly/hilly_13,hilly,trainset,"(-265, 100)",45.16935148217298,57.83539232506738,0.9713066346301626,-0.1076010219982056,1,518400
D90,0,hilly/hilly_14,hilly,trainset,"(184, 37)",10.139800323059932,20.882095946679918,0.9403474881106962,0.03767098758766051,1,518400
D90,0,sparse/sparse_00,sparse,trainset,"(-280, 89)",20.10105342859315,36.81392538780283,0.9327572400851284,-0.05860370719236119,1,518400
D90,0,sparse/sparse_02,sparse,trainset,"(-279, 90)",31.872196806420714,56.27697454884999,0.8520623244724372,0.10185886412101343,1,518400
D90,0,sparse/sparse_10,sparse,trainset,"(-276, 89)",9.618910575214171,13.516389754592916,0.9730735685749975,-0.09106961796546405,1,2752512
D90,0,sparse/sparse_13,sparse,trainset,"(-275, 90)",16.72218050215616,22.497990790039257,0.9687708735130633,-0.09962615415171192,1,2359296
D90,0,sparse/sparse_14,sparse,trainset,"(-293, 92)",61.23454789858423,77.84664890922356,0.989382183219858,-0.027829826506774923,1,2752512
