fold,epoch,train,val
0,0,1.1358,0.4154
0,1,0.5004,1.0775
0,2,0.3073,0.3322
0,3,0.2805,0.2385
0,4,0.2059,0.2177
0,5,0.1845,0.1976
0,6,0.1739,0.1807
0,7,0.1622,0.171
0,8,0.1698,0.1817
0,9,0.1772,0.1878
0,10,0.1555,0.2882
0,11,0.2116,0.186
0,12,0.1576,0.1725
0,13,0.1619,0.2486
0,14,0.2192,0.1896
0,15,0.1781,0.2098
0,16,0.1511,0.1982
0,17,0.1518,0.174
0,18,0.1594,0.274
0,19,0.2074,0.2841
0,20,0.2224,0.2216
0,21,0.1652,0.2732
0,22,0.1668,0.1904
0,23,0.1501,0.2983
0,24,0.201,0.3487
0,25,0.1848,0.3566
0,26,0.2042,0.6799
0,27,0.2634,0.2665
0,28,0.1901,0.2896
0,29,0.1826,0.2516
1,0,1.5115,0.4423
1,1,0.4917,0.366
1,2,0.3046,0.3208
1,3,0.2303,0.2312
1,4,0.2214,0.2251
1,5,0.1923,0.1885
1,6,0.2386,0.2248
1,7,0.2183,0.2531
1,8,0.2394,0.2754
1,9,0.1923,0.2058
1,10,0.1962,0.239
1,11,0.1664,0.2093
1,12,0.1771,0.246
1,13,0.2179,0.182
1,14,0.197,0.2268
1,15,0.2098,0.2295
1,16,0.1962,0.2664
1,17,0.242,0.222
1,18,0.2723,0.2324
1,19,0.2188,0.2071
1,20,0.1717,0.2206
1,21,0.1707,0.1934
1,22,0.1492,0.2107
1,23,0.1793,0.2071
1,24,0.1513,0.2054
1,25,0.146,0.1956
1,26,0.1638,0.2015
1,27,0.1459,0.204
1,28,0.1441,0.2249
1,29,0.1751,0.2235
2,0,0.5305,0.3708
2,1,0.4178,0.294
2,2,0.2479,0.2625
2,3,0.2523,0.2076
2,4,0.1886,0.2262
2,5,0.2063,0.2948
2,6,0.2605,0.2151
2,7,0.193,0.1948
2,8,0.1868,0.2426
2,9,0.1855,0.1808
2,10,0.1743,0.1741
2,11,0.1691,0.2009
2,12,0.166,0.19
2,13,0.1789,0.1857
2,14,0.1594,0.1848
2,15,0.1726,0.2003
2,16,0.1696,0.1962
2,17,0.1678,0.1619
2,18,0.155,0.1627
2,19,0.1532,0.1531
2,20,0.1435,0.1623
2,21,0.1385,0.165
2,22,0.1388,0.1625
2,23,0.1541,0.1916
2,24,0.1426,0.1656
2,25,0.1295,0.176
2,26,0.1357,0.1627
2,27,0.1978,0.1734
2,28,0.1514,0.1595
2,29,0.1769,0.1875
3,0,3.4184,0.4571
3,1,0.4624,0.3218
3,2,0.426,0.2771
3,3,0.4079,0.2701
3,4,0.2334,0.273
3,5,0.2315,0.2463
3,6,0.2334,0.2731
3,7,0.2289,0.2326
3,8,0.2388,0.2456
3,9,0.2163,0.2378
3,10,0.2036,0.2454
3,11,0.1968,0.2153
3,12,0.2266,0.2286
3,13,0.2147,0.2542
3,14,0.1852,0.2269
3,15,0.1768,0.2179
3,16,0.1641,0.196
3,17,0.2892,0.3127
3,18,0.2899,0.2359
3,19,0.2029,0.2123
3,20,0.1728,0.1948
3,21,0.1933,0.2418
3,22,0.1891,0.2063
3,23,0.167,0.2019
3,24,0.1562,0.1821
3,25,0.1716,0.1993
3,26,0.162,0.1848
3,27,0.1491,0.1831
3,28,0.1449,0.1864
3,29,0.1516,0.1744
